N_nodes,T,degree,autocorrelation,tau_max_true,lag_max,repetition,graph_seed,method,peak_rss_mib,runtime_s
3,1000,1.5,0.3,3,3,1,45103123,tsboss,92.21875,0.2622614159990917
3,1000,1.5,0.3,3,3,1,45103123,pcmci,97.828125,0.298563207994448
3,1000,1.5,0.3,3,3,1,45103123,dynotears,150.734375,0.5582489579974208
3,1000,1.5,0.3,3,3,1,45103123,tsfges,164.578125,0.3377396249998128
3,1000,1.5,0.3,3,3,1,45103123,tsboss_iid,32.984375,0.010497957999177743
3,1000,1.5,0.3,3,3,2,45103124,tsboss,91.96875,0.2682227920013247
3,1000,1.5,0.3,3,3,2,45103124,pcmci,98.0625,0.3293151250036317
3,1000,1.5,0.3,3,3,2,45103124,dynotears,150.40625,0.5542759590025526
3,1000,1.5,0.3,3,3,2,45103124,tsfges,165.90625,0.3404679169980227
3,1000,1.5,0.3,3,3,2,45103124,tsboss_iid,33.09375,0.011556207995454315
3,1000,1.5,0.3,3,3,3,45103125,tsboss,92.125,0.2673356250015786
3,1000,1.5,0.3,3,3,3,45103125,pcmci,97.953125,0.3064403750031488
3,1000,1.5,0.3,3,3,3,45103125,dynotears,150.640625,0.5161281250038883
3,1000,1.5,0.3,3,3,3,45103125,tsfges,165.953125,0.31228508400090504
3,1000,1.5,0.3,3,3,3,45103125,tsboss_iid,33.125,0.010234500005026348
3,1000,1.5,0.3,3,3,4,45103126,tsboss,92.125,0.25383591699937824
3,1000,1.5,0.3,3,3,4,45103126,pcmci,97.640625,0.2828855420011678
3,1000,1.5,0.3,3,3,4,45103126,dynotears,150.25,0.47853004100034013
3,1000,1.5,0.3,3,3,4,45103126,tsfges,161.75,0.2849291250022361
3,1000,1.5,0.3,3,3,4,45103126,tsboss_iid,32.890625,0.008966375004092697
3,1000,1.5,0.3,3,3,5,45103127,tsboss,92.359375,0.2574076669989154
3,1000,1.5,0.3,3,3,5,45103127,pcmci,98.09375,0.2982165419962257
3,1000,1.5,0.3,3,3,5,45103127,dynotears,150.1875,0.5161385829997016
3,1000,1.5,0.3,3,3,5,45103127,tsfges,163.953125,0.3174080419994425
3,1000,1.5,0.3,3,3,5,45103127,tsboss_iid,33.015625,0.011088041996117681
3,1000,1.5,0.3,3,3,6,45103128,tsboss,92.25,0.2538409579938161
3,1000,1.5,0.3,3,3,6,45103128,pcmci,98.0625,0.2898727499996312
3,1000,1.5,0.3,3,3,6,45103128,dynotears,150.109375,0.5129473749984754
3,1000,1.5,0.3,3,3,6,45103128,tsfges,162.140625,0.2976645419985289
3,1000,1.5,0.3,3,3,6,45103128,tsboss_iid,32.921875,0.00935970800492214
3,1000,1.5,0.3,3,3,7,45103129,tsboss,92.25,0.25799916699907044
3,1000,1.5,0.3,3,3,7,45103129,pcmci,98.125,0.3077029999985825
3,1000,1.5,0.3,3,3,7,45103129,dynotears,150.03125,0.5163511249993462
3,1000,1.5,0.3,3,3,7,45103129,tsfges,163.90625,0.3086405830035801
3,1000,1.5,0.3,3,3,7,45103129,tsboss_iid,33.03125,0.009813874996325467
3,1000,1.5,0.3,3,3,8,45103130,tsboss,92.21875,0.25615504199959105
3,1000,1.5,0.3,3,3,8,45103130,pcmci,98.046875,0.2888237920051324
3,1000,1.5,0.3,3,3,8,45103130,dynotears,150.15625,0.5103970830023172
3,1000,1.5,0.3,3,3,8,45103130,tsfges,162.875,0.3085649580025347
3,1000,1.5,0.3,3,3,8,45103130,tsboss_iid,32.890625,0.008798125003522728
3,1000,1.5,0.3,3,3,9,45103131,tsboss,92.28125,0.2515316669960157
3,1000,1.5,0.3,3,3,9,45103131,pcmci,97.921875,0.29438512500200886
3,1000,1.5,0.3,3,3,9,45103131,dynotears,150.25,0.4936131669965107
3,1000,1.5,0.3,3,3,9,45103131,tsfges,165.15625,0.30822404200444
3,1000,1.5,0.3,3,3,9,45103131,tsboss_iid,33.015625,0.009624792000977322
3,1000,1.5,0.3,3,3,10,45103132,tsboss,92.203125,0.2548889590034378
3,1000,1.5,0.3,3,3,10,45103132,pcmci,97.890625,0.29731858400191413
3,1000,1.5,0.3,3,3,10,45103132,dynotears,150.15625,0.5069081659967196
3,1000,1.5,0.3,3,3,10,45103132,tsfges,165.03125,0.31963883400021587
3,1000,1.5,0.3,3,3,10,45103132,tsboss_iid,33.0,0.010622458001307677
4,1000,1.5,0.3,3,3,1,45104123,tsboss,92.171875,0.2536984999969718
4,1000,1.5,0.3,3,3,1,45104123,pcmci,98.390625,0.30905333300324855
4,1000,1.5,0.3,3,3,1,45104123,dynotears,150.15625,0.4994976250018226
4,1000,1.5,0.3,3,3,1,45104123,tsfges,164.515625,0.31744220800464973
4,1000,1.5,0.3,3,3,1,45104123,tsboss_iid,33.046875,0.010293499995896127
4,1000,1.5,0.3,3,3,2,45104124,tsboss,92.265625,0.2571816249983385
4,1000,1.5,0.3,3,3,2,45104124,pcmci,98.34375,0.30366125000000466
4,1000,1.5,0.3,3,3,2,45104124,dynotears,150.109375,0.5180817079963163
4,1000,1.5,0.3,3,3,2,45104124,tsfges,163.734375,0.32497624999814434
4,1000,1.5,0.3,3,3,2,45104124,tsboss_iid,33.09375,0.014076250001380686
4,1000,1.5,0.3,3,3,3,45104125,tsboss,92.359375,0.25809187500271946
4,1000,1.5,0.3,3,3,3,45104125,pcmci,98.578125,0.31524691700178664
4,1000,1.5,0.3,3,3,3,45104125,dynotears,150.15625,0.5059519999995246
4,1000,1.5,0.3,3,3,3,45104125,tsfges,163.015625,0.3211687079965486
4,1000,1.5,0.3,3,3,3,45104125,tsboss_iid,33.046875,0.012398832994222175
4,1000,1.5,0.3,3,3,4,45104126,tsboss,92.28125,0.2532790839977679
4,1000,1.5,0.3,3,3,4,45104126,pcmci,98.1875,0.29715795799711486
4,1000,1.5,0.3,3,3,4,45104126,dynotears,150.234375,0.5151471670033061
4,1000,1.5,0.3,3,3,4,45104126,tsfges,162.765625,0.3184883339999942
4,1000,1.5,0.3,3,3,4,45104126,tsboss_iid,33.09375,0.01035158299782779
4,1000,1.5,0.3,3,3,5,45104127,tsboss,92.3125,0.2614620840031421
4,1000,1.5,0.3,3,3,5,45104127,pcmci,98.0,0.30144004199974006
4,1000,1.5,0.3,3,3,5,45104127,dynotears,150.234375,0.48571158300183015
4,1000,1.5,0.3,3,3,5,45104127,tsfges,163.890625,0.3145909999948344
4,1000,1.5,0.3,3,3,5,45104127,tsboss_iid,32.96875,0.010330124998290557
4,1000,1.5,0.3,3,3,6,45104128,tsboss,92.21875,0.25708845799817936
4,1000,1.5,0.3,3,3,6,45104128,pcmci,98.421875,0.2980935829982627
4,1000,1.5,0.3,3,3,6,45104128,dynotears,150.140625,0.5217771250026999
4,1000,1.5,0.3,3,3,6,45104128,tsfges,164.9375,0.34078770800260827
4,1000,1.5,0.3,3,3,6,45104128,tsboss_iid,32.890625,0.01194387500436278
4,1000,1.5,0.3,3,3,7,45104129,tsboss,92.234375,0.2529902500027674
4,1000,1.5,0.3,3,3,7,45104129,pcmci,98.3125,0.30398854200029746
4,1000,1.5,0.3,3,3,7,45104129,dynotears,150.21875,0.5046850420039846
4,1000,1.5,0.3,3,3,7,45104129,tsfges,164.6875,0.3204612920017098
4,1000,1.5,0.3,3,3,7,45104129,tsboss_iid,33.046875,0.009513790995697491
4,1000,1.5,0.3,3,3,8,45104130,tsboss,92.875,0.26521337499434594
4,1000,1.5,0.3,3,3,8,45104130,pcmci,98.25,0.30965049999940675
4,1000,1.5,0.3,3,3,8,45104130,dynotears,150.15625,0.5321330000006128
4,1000,1.5,0.3,3,3,8,45104130,tsfges,163.765625,0.3183422919973964
4,1000,1.5,0.3,3,3,8,45104130,tsboss_iid,33.046875,0.011465916999441106
4,1000,1.5,0.3,3,3,9,45104131,tsboss,92.296875,0.2514548749968526
4,1000,1.5,0.3,3,3,9,45104131,pcmci,98.171875,0.2994152499959455
4,1000,1.5,0.3,3,3,9,45104131,dynotears,150.03125,0.5130397089960752
4,1000,1.5,0.3,3,3,9,45104131,tsfges,164.640625,0.3178467920006369
4,1000,1.5,0.3,3,3,9,45104131,tsboss_iid,33.03125,0.010494334004761185
4,1000,1.5,0.3,3,3,10,45104132,tsboss,92.21875,0.2583317079988774
4,1000,1.5,0.3,3,3,10,45104132,pcmci,98.078125,0.3009440409950912
4,1000,1.5,0.3,3,3,10,45104132,dynotears,150.390625,0.4921920419947128
4,1000,1.5,0.3,3,3,10,45104132,tsfges,164.375,0.32014545900165103
4,1000,1.5,0.3,3,3,10,45104132,tsboss_iid,32.875,0.009754499995324295
5,1000,1.5,0.3,3,3,1,45105123,tsboss,92.640625,0.27080245899560396
5,1000,1.5,0.3,3,3,1,45105123,pcmci,98.1875,0.3074560829991242
5,1000,1.5,0.3,3,3,1,45105123,dynotears,150.390625,0.5050566670033731
5,1000,1.5,0.3,3,3,1,45105123,tsfges,162.953125,0.32614254099462414
5,1000,1.5,0.3,3,3,1,45105123,tsboss_iid,33.15625,0.010004707997723017
5,1000,1.5,0.3,3,3,2,45105124,tsboss,92.1875,0.2624930840029265
5,1000,1.5,0.3,3,3,2,45105124,pcmci,98.75,0.3225090830019326
5,1000,1.5,0.3,3,3,2,45105124,dynotears,150.140625,0.5066798330008169
5,1000,1.5,0.3,3,3,2,45105124,tsfges,165.109375,0.32653612500143936
5,1000,1.5,0.3,3,3,2,45105124,tsboss_iid,33.1875,0.01155987499805633
5,1000,1.5,0.3,3,3,3,45105125,tsboss,92.21875,0.2542094169984921
5,1000,1.5,0.3,3,3,3,45105125,pcmci,98.546875,0.3120110410018242
5,1000,1.5,0.3,3,3,3,45105125,dynotears,150.640625,0.5083134160013287
5,1000,1.5,0.3,3,3,3,45105125,tsfges,164.46875,0.3384135000014794
5,1000,1.5,0.3,3,3,3,45105125,tsboss_iid,33.328125,0.015367166000942234
5,1000,1.5,0.3,3,3,4,45105126,tsboss,92.34375,0.2546026249983697
5,1000,1.5,0.3,3,3,4,45105126,pcmci,98.25,0.3101364169997396
5,1000,1.5,0.3,3,3,4,45105126,dynotears,150.171875,0.5183969589998014
5,1000,1.5,0.3,3,3,4,45105126,tsfges,163.578125,0.328285749994393
5,1000,1.5,0.3,3,3,4,45105126,tsboss_iid,33.109375,0.01092583300487604
5,1000,1.5,0.3,3,3,5,45105127,tsboss,92.15625,0.26249333300074795
5,1000,1.5,0.3,3,3,5,45105127,pcmci,98.328125,0.3345535420012311
5,1000,1.5,0.3,3,3,5,45105127,dynotears,150.15625,0.5268777919991408
5,1000,1.5,0.3,3,3,5,45105127,tsfges,172.546875,0.3677022499978193
5,1000,1.5,0.3,3,3,5,45105127,tsboss_iid,33.4375,0.016329749996657483
5,1000,1.5,0.3,3,3,6,45105128,tsboss,92.328125,0.2620810000007623
5,1000,1.5,0.3,3,3,6,45105128,pcmci,98.59375,0.3165437909992761
5,1000,1.5,0.3,3,3,6,45105128,dynotears,150.265625,0.5196341250048135
5,1000,1.5,0.3,3,3,6,45105128,tsfges,168.15625,0.34082554199994775
5,1000,1.5,0.3,3,3,6,45105128,tsboss_iid,33.234375,0.013720249997277278
5,1000,1.5,0.3,3,3,7,45105129,tsboss,92.21875,0.2562984999967739
5,1000,1.5,0.3,3,3,7,45105129,pcmci,98.578125,0.315255708002951
5,1000,1.5,0.3,3,3,7,45105129,dynotears,150.09375,0.5385614170008921
5,1000,1.5,0.3,3,3,7,45105129,tsfges,165.296875,0.3266710830066586
5,1000,1.5,0.3,3,3,7,45105129,tsboss_iid,33.296875,0.01705900000524707
5,1000,1.5,0.3,3,3,8,45105130,tsboss,92.21875,0.26051408299827017
5,1000,1.5,0.3,3,3,8,45105130,pcmci,98.296875,0.3137552499974845
5,1000,1.5,0.3,3,3,8,45105130,dynotears,150.21875,0.5197638750032638
5,1000,1.5,0.3,3,3,8,45105130,tsfges,169.765625,0.34853908300283365
5,1000,1.5,0.3,3,3,8,45105130,tsboss_iid,33.265625,0.013677082999492995
5,1000,1.5,0.3,3,3,9,45105131,tsboss,92.3125,0.2647704580012942
5,1000,1.5,0.3,3,3,9,45105131,pcmci,98.4375,0.33265512499929173
5,1000,1.5,0.3,3,3,9,45105131,dynotears,150.234375,0.528013542003464
5,1000,1.5,0.3,3,3,9,45105131,tsfges,170.90625,0.3567672089993721
5,1000,1.5,0.3,3,3,9,45105131,tsboss_iid,33.171875,0.014667208997707348
5,1000,1.5,0.3,3,3,10,45105132,tsboss,92.25,0.2621487500000512
5,1000,1.5,0.3,3,3,10,45105132,pcmci,98.265625,0.30655879199912306
5,1000,1.5,0.3,3,3,10,45105132,dynotears,150.296875,0.5143151250013034
5,1000,1.5,0.3,3,3,10,45105132,tsfges,164.703125,0.3353733749972889
5,1000,1.5,0.3,3,3,10,45105132,tsboss_iid,33.296875,0.011634417001914699
7,1000,1.5,0.3,3,3,1,45107123,tsboss,92.34375,0.2726480410055956
7,1000,1.5,0.3,3,3,1,45107123,pcmci,98.625,0.3415715840019402
7,1000,1.5,0.3,3,3,1,45107123,dynotears,150.125,0.5464359590041568
7,1000,1.5,0.3,3,3,1,45107123,tsfges,174.125,0.38305991599918343
7,1000,1.5,0.3,3,3,1,45107123,tsboss_iid,33.4375,0.021209584003372584
7,1000,1.5,0.3,3,3,2,45107124,tsboss,92.34375,0.2607262500023353
7,1000,1.5,0.3,3,3,2,45107124,pcmci,98.71875,0.33492587500222726
7,1000,1.5,0.3,3,3,2,45107124,dynotears,150.171875,0.532474416999321
7,1000,1.5,0.3,3,3,2,45107124,tsfges,174.140625,0.3655552079944755
7,1000,1.5,0.3,3,3,2,45107124,tsboss_iid,33.59375,0.01518404200032819
7,1000,1.5,0.3,3,3,3,45107125,tsboss,92.34375,0.2660125420006807
7,1000,1.5,0.3,3,3,3,45107125,pcmci,98.46875,0.3468392080030753
7,1000,1.5,0.3,3,3,3,45107125,dynotears,150.59375,0.5347755839975434
7,1000,1.5,0.3,3,3,3,45107125,tsfges,169.140625,0.3535967499992694
7,1000,1.5,0.3,3,3,3,45107125,tsboss_iid,33.5,0.015932374997646548
7,1000,1.5,0.3,3,3,4,45107126,tsboss,92.21875,0.2650089590024436
7,1000,1.5,0.3,3,3,4,45107126,pcmci,98.875,0.36656145899905823
7,1000,1.5,0.3,3,3,4,45107126,dynotears,150.28125,0.5402781250013504
7,1000,1.5,0.3,3,3,4,45107126,tsfges,171.71875,0.35329674999957206
7,1000,1.5,0.3,3,3,4,45107126,tsboss_iid,33.65625,0.02591250000114087
7,1000,1.5,0.3,3,3,5,45107127,tsboss,92.359375,0.2652412919997005
7,1000,1.5,0.3,3,3,5,45107127,pcmci,98.75,0.3422309160014265
7,1000,1.5,0.3,3,3,5,45107127,dynotears,150.09375,0.5411706250015413
7,1000,1.5,0.3,3,3,5,45107127,tsfges,171.90625,0.36965654200321296
7,1000,1.5,0.3,3,3,5,45107127,tsboss_iid,33.53125,0.017949790999409743
7,1000,1.5,0.3,3,3,6,45107128,tsboss,92.234375,0.2723649170002318
7,1000,1.5,0.3,3,3,6,45107128,pcmci,98.703125,0.3468859999993583
7,1000,1.5,0.3,3,3,6,45107128,dynotears,150.203125,0.5446435839985497
7,1000,1.5,0.3,3,3,6,45107128,tsfges,174.953125,0.36816245799855096
7,1000,1.5,0.3,3,3,6,45107128,tsboss_iid,33.484375,0.019230166006309446
7,1000,1.5,0.3,3,3,7,45107129,tsboss,92.40625,0.26248591700277757
7,1000,1.5,0.3,3,3,7,45107129,pcmci,98.875,0.3413292920013191
7,1000,1.5,0.3,3,3,7,45107129,dynotears,150.15625,0.5344025410013273
7,1000,1.5,0.3,3,3,7,45107129,tsfges,169.828125,0.3506807919984567
7,1000,1.5,0.3,3,3,7,45107129,tsboss_iid,33.53125,0.014868957994622178
7,1000,1.5,0.3,3,3,8,45107130,tsboss,92.21875,0.2626756669997121
7,1000,1.5,0.3,3,3,8,45107130,pcmci,98.84375,0.34114975000557024
7,1000,1.5,0.3,3,3,8,45107130,dynotears,150.109375,0.5339409169973806
7,1000,1.5,0.3,3,3,8,45107130,tsfges,175.609375,0.3699764589982806
7,1000,1.5,0.3,3,3,8,45107130,tsboss_iid,33.578125,0.018377749998762738
7,1000,1.5,0.3,3,3,9,45107131,tsboss,92.46875,0.26931837500160327
7,1000,1.5,0.3,3,3,9,45107131,pcmci,98.78125,0.3449049999981071
7,1000,1.5,0.3,3,3,9,45107131,dynotears,150.53125,0.5433102089955355
7,1000,1.5,0.3,3,3,9,45107131,tsfges,173.875,0.37741437499789754
7,1000,1.5,0.3,3,3,9,45107131,tsboss_iid,33.6875,0.02680599999439437
7,1000,1.5,0.3,3,3,10,45107132,tsboss,92.375,0.2779945410002256
7,1000,1.5,0.3,3,3,10,45107132,pcmci,98.625,0.35079845799918985
7,1000,1.5,0.3,3,3,10,45107132,dynotears,150.453125,0.5425135419936851
7,1000,1.5,0.3,3,3,10,45107132,tsfges,171.640625,0.3495543750032084
7,1000,1.5,0.3,3,3,10,45107132,tsboss_iid,33.453125,0.019272999998065643
10,1000,1.5,0.3,3,3,1,45110123,tsboss,92.453125,0.29490316699957475
10,1000,1.5,0.3,3,3,1,45110123,pcmci,99.15625,0.42086099999869475
10,1000,1.5,0.3,3,3,1,45110123,dynotears,150.4375,0.5956132919964148
10,1000,1.5,0.3,3,3,1,45110123,tsfges,195.640625,0.37544858299952466
10,1000,1.5,0.3,3,3,1,45110123,tsboss_iid,33.84375,0.038509250000061
10,1000,1.5,0.3,3,3,2,45110124,tsboss,92.375,0.2909592089999933
10,1000,1.5,0.3,3,3,2,45110124,pcmci,99.453125,0.45189504099835176
10,1000,1.5,0.3,3,3,2,45110124,dynotears,150.34375,0.5510202500008745
10,1000,1.5,0.3,3,3,2,45110124,tsfges,208.734375,0.3932516659988323
10,1000,1.5,0.3,3,3,2,45110124,tsboss_iid,33.625,0.04029295899817953
10,1000,1.5,0.3,3,3,3,45110125,tsboss,92.359375,0.27468983399739955
10,1000,1.5,0.3,3,3,3,45110125,pcmci,99.21875,0.3999889160040766
10,1000,1.5,0.3,3,3,3,45110125,dynotears,150.578125,0.5709834169974783
10,1000,1.5,0.3,3,3,3,45110125,tsfges,207.203125,0.3881976249977015
10,1000,1.5,0.3,3,3,3,45110125,tsboss_iid,33.8125,0.034750124999845866
10,1000,1.5,0.3,3,3,4,45110126,tsboss,92.359375,0.28294216700305697
10,1000,1.5,0.3,3,3,4,45110126,pcmci,99.375,0.4366926250004326
10,1000,1.5,0.3,3,3,4,45110126,dynotears,150.359375,0.5962076249998063
10,1000,1.5,0.3,3,3,4,45110126,tsfges,190.90625,0.3726394579935004
10,1000,1.5,0.3,3,3,4,45110126,tsboss_iid,33.65625,0.020930916005454492
10,1000,1.5,0.3,3,3,5,45110127,tsboss,92.421875,0.3004728329979116
10,1000,1.5,0.3,3,3,5,45110127,pcmci,99.234375,0.40772437499981606
10,1000,1.5,0.3,3,3,5,45110127,dynotears,150.265625,0.5749102499976289
10,1000,1.5,0.3,3,3,5,45110127,tsfges,182.28125,0.41001229099492775
10,1000,1.5,0.3,3,3,5,45110127,tsboss_iid,33.921875,0.05123625000123866
10,1000,1.5,0.3,3,3,6,45110128,tsboss,92.5625,0.28241370899922913
10,1000,1.5,0.3,3,3,6,45110128,pcmci,99.125,0.3968722079953295
10,1000,1.5,0.3,3,3,6,45110128,dynotears,150.359375,0.5620074170001317
10,1000,1.5,0.3,3,3,6,45110128,tsfges,196.453125,0.38463449999835575
10,1000,1.5,0.3,3,3,6,45110128,tsboss_iid,33.640625,0.040615584002807736
10,1000,1.5,0.3,3,3,7,45110129,tsboss,92.453125,0.2730267500010086
10,1000,1.5,0.3,3,3,7,45110129,pcmci,99.15625,0.39637829199637054
10,1000,1.5,0.3,3,3,7,45110129,dynotears,150.46875,0.5641116660044645
10,1000,1.5,0.3,3,3,7,45110129,tsfges,198.09375,0.3864814580010716
10,1000,1.5,0.3,3,3,7,45110129,tsboss_iid,33.71875,0.02643612500105519
10,1000,1.5,0.3,3,3,8,45110130,tsboss,92.40625,0.27930662500148173
10,1000,1.5,0.3,3,3,8,45110130,pcmci,98.859375,0.3897287919971859
10,1000,1.5,0.3,3,3,8,45110130,dynotears,150.421875,0.5571535830022185
10,1000,1.5,0.3,3,3,8,45110130,tsfges,189.03125,0.3715842910023639
10,1000,1.5,0.3,3,3,8,45110130,tsboss_iid,33.71875,0.023384084001008887
10,1000,1.5,0.3,3,3,9,45110131,tsboss,92.640625,0.3027629159987555
10,1000,1.5,0.3,3,3,9,45110131,pcmci,99.4375,0.42107758299971465
10,1000,1.5,0.3,3,3,9,45110131,dynotears,150.359375,0.5839019999984885
10,1000,1.5,0.3,3,3,9,45110131,tsfges,208.125,0.39212920799764106
10,1000,1.5,0.3,3,3,9,45110131,tsboss_iid,33.6875,0.046402416002820246
10,1000,1.5,0.3,3,3,10,45110132,tsboss,92.5,0.29888062499958323
10,1000,1.5,0.3,3,3,10,45110132,pcmci,99.46875,0.44575270900531905
10,1000,1.5,0.3,3,3,10,45110132,dynotears,150.453125,0.5770425840019016
10,1000,1.5,0.3,3,3,10,45110132,tsfges,212.546875,0.3862233340041712
10,1000,1.5,0.3,3,3,10,45110132,tsboss_iid,33.609375,0.04064562500570901
13,1000,1.5,0.3,3,3,1,45113123,tsboss,92.53125,0.29311812500236556
13,1000,1.5,0.3,3,3,1,45113123,pcmci,100.015625,0.4688372909949976
13,1000,1.5,0.3,3,3,1,45113123,dynotears,150.5625,0.577922041004058
13,1000,1.5,0.3,3,3,1,45113123,tsfges,211.21875,0.4162718750012573
13,1000,1.5,0.3,3,3,1,45113123,tsboss_iid,34.03125,0.03706899999815505
13,1000,1.5,0.3,3,3,2,45113124,tsboss,92.46875,0.31979470800433774
13,1000,1.5,0.3,3,3,2,45113124,pcmci,99.90625,0.491035709004791
13,1000,1.5,0.3,3,3,2,45113124,dynotears,150.625,0.6016952919962932
13,1000,1.5,0.3,3,3,2,45113124,tsfges,209.765625,0.4520627499950933
13,1000,1.5,0.3,3,3,2,45113124,tsboss_iid,34.0,0.06113479100167751
13,1000,1.5,0.3,3,3,3,45113125,tsboss,92.578125,0.3877384169973084
13,1000,1.5,0.3,3,3,3,45113125,pcmci,99.96875,0.48766179199446924
13,1000,1.5,0.3,3,3,3,45113125,dynotears,150.71875,0.5635868749959627
13,1000,1.5,0.3,3,3,3,45113125,tsfges,211.4375,0.43910150000010617
13,1000,1.5,0.3,3,3,3,45113125,tsboss_iid,34.109375,0.07722995900257956
13,1000,1.5,0.3,3,3,4,45113126,tsboss,92.5,0.27738762499939185
13,1000,1.5,0.3,3,3,4,45113126,pcmci,99.5625,0.4502628749978612
13,1000,1.5,0.3,3,3,4,45113126,dynotears,150.46875,0.5553778749963385
13,1000,1.5,0.3,3,3,4,45113126,tsfges,204.734375,0.3947631250048289
13,1000,1.5,0.3,3,3,4,45113126,tsboss_iid,33.8125,0.023963375002495013
13,1000,1.5,0.3,3,3,5,45113127,tsboss,92.65625,0.2938237089983886
13,1000,1.5,0.3,3,3,5,45113127,pcmci,100.109375,0.47837641699879896
13,1000,1.5,0.3,3,3,5,45113127,dynotears,150.421875,0.5967640000017127
13,1000,1.5,0.3,3,3,5,45113127,tsfges,211.421875,0.4078272089973325
13,1000,1.5,0.3,3,3,5,45113127,tsboss_iid,33.90625,0.045338415999140125
13,1000,1.5,0.3,3,3,6,45113128,tsboss,92.65625,0.29497345800336916
13,1000,1.5,0.3,3,3,6,45113128,pcmci,99.421875,0.4416940409937524
13,1000,1.5,0.3,3,3,6,45113128,dynotears,150.421875,0.5939633329981007
13,1000,1.5,0.3,3,3,6,45113128,tsfges,211.5,0.40753870800108416
13,1000,1.5,0.3,3,3,6,45113128,tsboss_iid,34.0,0.03460445899690967
13,1000,1.5,0.3,3,3,7,45113129,tsboss,92.46875,0.3981954999981099
13,1000,1.5,0.3,3,3,7,45113129,pcmci,99.953125,0.5062233329954324
13,1000,1.5,0.3,3,3,7,45113129,dynotears,150.53125,0.6218956250013434
13,1000,1.5,0.3,3,3,7,45113129,tsfges,209.609375,0.4360640000013518
13,1000,1.5,0.3,3,3,7,45113129,tsboss_iid,34.546875,0.14996279100159882
13,1000,1.5,0.3,3,3,8,45113130,tsboss,92.53125,0.2959326670024893
13,1000,1.5,0.3,3,3,8,45113130,pcmci,99.75,0.46034779199544573
13,1000,1.5,0.3,3,3,8,45113130,dynotears,150.5,0.5969228750036564
13,1000,1.5,0.3,3,3,8,45113130,tsfges,209.765625,0.40595366599882254
13,1000,1.5,0.3,3,3,8,45113130,tsboss_iid,33.96875,0.03777312500460539
13,1000,1.5,0.3,3,3,9,45113131,tsboss,92.640625,0.2937395420012763
13,1000,1.5,0.3,3,3,9,45113131,pcmci,99.953125,0.4980435830002534
13,1000,1.5,0.3,3,3,9,45113131,dynotears,150.625,0.5746527910014265
13,1000,1.5,0.3,3,3,9,45113131,tsfges,210.109375,0.40812766699673375
13,1000,1.5,0.3,3,3,9,45113131,tsboss_iid,34.015625,0.039133082995249424
13,1000,1.5,0.3,3,3,10,45113132,tsboss,92.609375,0.2981470829981845
13,1000,1.5,0.3,3,3,10,45113132,pcmci,99.640625,0.46374987500166753
13,1000,1.5,0.3,3,3,10,45113132,dynotears,150.578125,0.6114093750002212
13,1000,1.5,0.3,3,3,10,45113132,tsfges,211.15625,0.40851487499458017
13,1000,1.5,0.3,3,3,10,45113132,tsboss_iid,33.921875,0.03678020799998194
15,1000,1.5,0.3,3,3,1,45115123,tsboss,92.6875,0.5036631670009228
15,1000,1.5,0.3,3,3,1,45115123,pcmci,100.484375,0.5378877499970258
15,1000,1.5,0.3,3,3,1,45115123,dynotears,150.609375,0.6221585419989424
15,1000,1.5,0.3,3,3,1,45115123,tsfges,212.125,0.4742414159991313
15,1000,1.5,0.3,3,3,1,45115123,tsboss_iid,34.625,0.20717783400323242
15,1000,1.5,0.3,3,3,2,45115124,tsboss,94.703125,0.9324889589988743
15,1000,1.5,0.3,3,3,2,45115124,pcmci,100.75,0.610454417001165
15,1000,1.5,0.3,3,3,2,45115124,dynotears,150.515625,0.6638307499961229
15,1000,1.5,0.3,3,3,2,45115124,tsfges,238.75,0.498799125001824
15,1000,1.5,0.3,3,3,2,45115124,tsboss_iid,35.921875,0.4262057090018061
15,1000,1.5,0.3,3,3,3,45115125,tsboss,92.65625,0.3519254999991972
15,1000,1.5,0.3,3,3,3,45115125,pcmci,100.359375,0.5203641249972861
15,1000,1.5,0.3,3,3,3,45115125,dynotears,150.90625,0.6452013750022161
15,1000,1.5,0.3,3,3,3,45115125,tsfges,211.46875,0.45670966600300744
15,1000,1.5,0.3,3,3,3,45115125,tsboss_iid,34.5,0.11884729199664434
15,1000,1.5,0.3,3,3,4,45115126,tsboss,92.65625,0.3177763749990845
15,1000,1.5,0.3,3,3,4,45115126,pcmci,100.453125,0.5252609169983771
15,1000,1.5,0.3,3,3,4,45115126,dynotears,150.796875,0.6217163750043255
15,1000,1.5,0.3,3,3,4,45115126,tsfges,211.484375,0.41780629199638497
15,1000,1.5,0.3,3,3,4,45115126,tsboss_iid,34.265625,0.07399312499910593
15,1000,1.5,0.3,3,3,5,45115127,tsboss,92.671875,0.30887066700233845
15,1000,1.5,0.3,3,3,5,45115127,pcmci,100.40625,0.5287679999964894
15,1000,1.5,0.3,3,3,5,45115127,dynotears,150.8125,0.6851205420025508
15,1000,1.5,0.3,3,3,5,45115127,tsfges,211.90625,0.43932679099816596
15,1000,1.5,0.3,3,3,5,45115127,tsboss_iid,34.359375,0.06998737499816343
15,1000,1.5,0.3,3,3,6,45115128,tsboss,92.8125,0.3485263330003363
15,1000,1.5,0.3,3,3,6,45115128,pcmci,100.296875,0.5725570420036092
15,1000,1.5,0.3,3,3,6,45115128,dynotears,150.90625,0.6608342079998692
15,1000,1.5,0.3,3,3,6,45115128,tsfges,207.125,0.4499486659988179
15,1000,1.5,0.3,3,3,6,45115128,tsboss_iid,34.28125,0.0882892500012531
15,1000,1.5,0.3,3,3,7,45115129,tsboss,92.5625,0.4590200000020559
15,1000,1.5,0.3,3,3,7,45115129,pcmci,100.359375,0.5316954160007299
15,1000,1.5,0.3,3,3,7,45115129,dynotears,150.765625,0.6300072089943569
15,1000,1.5,0.3,3,3,7,45115129,tsfges,211.765625,0.4571142909990158
15,1000,1.5,0.3,3,3,7,45115129,tsboss_iid,34.546875,0.15292787499492988
15,1000,1.5,0.3,3,3,8,45115130,tsboss,92.5625,0.3345070420036791
15,1000,1.5,0.3,3,3,8,45115130,pcmci,100.296875,0.5444007909973152
15,1000,1.5,0.3,3,3,8,45115130,dynotears,150.5,0.6286667500025942
15,1000,1.5,0.3,3,3,8,45115130,tsfges,210.828125,0.42258516600122675
15,1000,1.5,0.3,3,3,8,45115130,tsboss_iid,34.359375,0.08386125000106404
15,1000,1.5,0.3,3,3,9,45115131,tsboss,92.609375,0.29827975000080187
15,1000,1.5,0.3,3,3,9,45115131,pcmci,100.234375,0.5020635420005419
15,1000,1.5,0.3,3,3,9,45115131,dynotears,150.6875,0.6460444580006879
15,1000,1.5,0.3,3,3,9,45115131,tsfges,206.609375,0.4114314580001519
15,1000,1.5,0.3,3,3,9,45115131,tsboss_iid,34.1875,0.04675979199964786
15,1000,1.5,0.3,3,3,10,45115132,tsboss,92.671875,0.32659195800079033
15,1000,1.5,0.3,3,3,10,45115132,pcmci,100.4375,0.5208252500015078
15,1000,1.5,0.3,3,3,10,45115132,dynotears,150.546875,0.5731508329990902
15,1000,1.5,0.3,3,3,10,45115132,tsfges,212.578125,0.4228905419950024
15,1000,1.5,0.3,3,3,10,45115132,tsboss_iid,34.203125,0.07577533300354844
20,1000,1.5,0.3,3,3,1,45120123,tsboss,92.953125,0.4481581250001909
20,1000,1.5,0.3,3,3,1,45120123,pcmci,101.5625,0.6882375419954769
20,1000,1.5,0.3,3,3,1,45120123,dynotears,151.484375,0.7104551670054207
20,1000,1.5,0.3,3,3,1,45120123,tsfges,214.4375,0.49869258299440844
20,1000,1.5,0.3,3,3,1,45120123,tsboss_iid,34.859375,0.18494837500475114
20,1000,1.5,0.3,3,3,2,45120124,tsboss,92.828125,0.39811708300112514
20,1000,1.5,0.3,3,3,2,45120124,pcmci,101.734375,0.7005087500001537
20,1000,1.5,0.3,3,3,2,45120124,dynotears,151.21875,0.7023482080039685
20,1000,1.5,0.3,3,3,2,45120124,tsfges,209.765625,0.4782366669969633
20,1000,1.5,0.3,3,3,2,45120124,tsboss_iid,34.765625,0.13123820799955865
20,1000,1.5,0.3,3,3,3,45120125,tsboss,92.734375,0.36703175000002375
20,1000,1.5,0.3,3,3,3,45120125,pcmci,101.53125,0.6671653340017656
20,1000,1.5,0.3,3,3,3,45120125,dynotears,151.59375,0.6777232910026214
20,1000,1.5,0.3,3,3,3,45120125,tsfges,208.15625,0.49751745899993693
20,1000,1.5,0.3,3,3,3,45120125,tsboss_iid,34.65625,0.10136129199963761
20,1000,1.5,0.3,3,3,4,45120126,tsboss,92.78125,0.33980445800261805
20,1000,1.5,0.3,3,3,4,45120126,pcmci,101.578125,0.6688384160006535
20,1000,1.5,0.3,3,3,4,45120126,dynotears,151.71875,0.6968951660019229
20,1000,1.5,0.3,3,3,4,45120126,tsfges,206.75,0.46687783299421426
20,1000,1.5,0.3,3,3,4,45120126,tsboss_iid,34.5,0.08258933300385252
20,1000,1.5,0.3,3,3,5,45120127,tsboss,93.03125,0.46489470800588606
20,1000,1.5,0.3,3,3,5,45120127,pcmci,101.65625,0.680777624998882
20,1000,1.5,0.3,3,3,5,45120127,dynotears,151.65625,0.6787979170039762
20,1000,1.5,0.3,3,3,5,45120127,tsfges,216.859375,0.4940668330018525
20,1000,1.5,0.3,3,3,5,45120127,tsboss_iid,35.109375,0.2746891249989858
20,1000,1.5,0.3,3,3,6,45120128,tsboss,92.734375,0.36340699999709614
20,1000,1.5,0.3,3,3,6,45120128,pcmci,101.84375,0.6931080420035869
20,1000,1.5,0.3,3,3,6,45120128,dynotears,152.6875,0.7105317909954465
20,1000,1.5,0.3,3,3,6,45120128,tsfges,209.859375,0.4741411249997327
20,1000,1.5,0.3,3,3,6,45120128,tsboss_iid,34.75,0.09997904200281482
20,1000,1.5,0.3,3,3,7,45120129,tsboss,93.234375,0.5155611250011134
20,1000,1.5,0.3,3,3,7,45120129,pcmci,101.90625,0.7303806670024642
20,1000,1.5,0.3,3,3,7,45120129,dynotears,151.609375,0.7720927499976824
20,1000,1.5,0.3,3,3,7,45120129,tsfges,224.625,0.508966583001893
20,1000,1.5,0.3,3,3,7,45120129,tsboss_iid,34.515625,0.148595499995281
20,1000,1.5,0.3,3,3,8,45120130,tsboss,92.9375,0.43993254200177034
20,1000,1.5,0.3,3,3,8,45120130,pcmci,102.03125,0.7232736669975566
20,1000,1.5,0.3,3,3,8,45120130,dynotears,151.484375,0.7328607499948703
20,1000,1.5,0.3,3,3,8,45120130,tsfges,206.796875,0.47947887500049546
20,1000,1.5,0.3,3,3,8,45120130,tsboss_iid,34.84375,0.21352962500532158
20,1000,1.5,0.3,3,3,9,45120131,tsboss,93.296875,0.5861196659971029
20,1000,1.5,0.3,3,3,9,45120131,pcmci,101.96875,0.7094689169971389
20,1000,1.5,0.3,3,3,9,45120131,dynotears,152.40625,0.7039602500008186
20,1000,1.5,0.3,3,3,9,45120131,tsfges,276.25,0.5326784999997471
20,1000,1.5,0.3,3,3,9,45120131,tsboss_iid,35.046875,0.2607101670000702
20,1000,1.5,0.3,3,3,10,45120132,tsboss,93.078125,0.5021738329960499
20,1000,1.5,0.3,3,3,10,45120132,pcmci,101.734375,0.6878517500008456
20,1000,1.5,0.3,3,3,10,45120132,dynotears,152.4375,0.671404792003159
20,1000,1.5,0.3,3,3,10,45120132,tsfges,205.15625,0.48505870799999684
20,1000,1.5,0.3,3,3,10,45120132,tsboss_iid,35.015625,0.24021662499580998
25,1000,1.5,0.3,3,3,1,45125123,tsboss,93.09375,0.47891916700609727
25,1000,1.5,0.3,3,3,1,45125123,pcmci,103.71875,0.8999435419973452
25,1000,1.5,0.3,3,3,1,45125123,dynotears,152.9375,0.8366114579985151
25,1000,1.5,0.3,3,3,1,45125123,tsfges,236.953125,0.543554874995607
25,1000,1.5,0.3,3,3,1,45125123,tsboss_iid,34.703125,0.1503749159965082
25,1000,1.5,0.3,3,3,2,45125124,tsboss,93.1875,0.48162487499939743
25,1000,1.5,0.3,3,3,2,45125124,pcmci,103.5,0.8839625000036904
25,1000,1.5,0.3,3,3,2,45125124,dynotears,152.90625,0.7739892919998965
25,1000,1.5,0.3,3,3,2,45125124,tsfges,275.234375,0.5555502089991933
25,1000,1.5,0.3,3,3,2,45125124,tsboss_iid,34.921875,0.170551457995316
25,1000,1.5,0.3,3,3,3,45125125,tsboss,93.5,0.6024499170016497
25,1000,1.5,0.3,3,3,3,45125125,pcmci,103.796875,0.9278037080002832
25,1000,1.5,0.3,3,3,3,45125125,dynotears,152.84375,0.8104809160067816
25,1000,1.5,0.3,3,3,3,45125125,tsfges,308.46875,0.6272687919990858
25,1000,1.5,0.3,3,3,3,45125125,tsboss_iid,35.296875,0.28013191599893617
25,1000,1.5,0.3,3,3,4,45125126,tsboss,93.109375,0.46680804100469686
25,1000,1.5,0.3,3,3,4,45125126,pcmci,102.875,0.8269918329970096
25,1000,1.5,0.3,3,3,4,45125126,dynotears,152.828125,0.8078670830000192
25,1000,1.5,0.3,3,3,4,45125126,tsfges,248.0,0.5522435410020989
25,1000,1.5,0.3,3,3,4,45125126,tsboss_iid,34.921875,0.11673666699789464
25,1000,1.5,0.3,3,3,5,45125127,tsboss,93.234375,0.572772375002387
25,1000,1.5,0.3,3,3,5,45125127,pcmci,103.625,0.8979997499991441
25,1000,1.5,0.3,3,3,5,45125127,dynotears,152.953125,0.8807732080022106
25,1000,1.5,0.3,3,3,5,45125127,tsfges,272.171875,0.5377275409991853
25,1000,1.5,0.3,3,3,5,45125127,tsboss_iid,35.203125,0.22317470800044248
25,1000,1.5,0.3,3,3,6,45125128,tsboss,93.359375,0.5521688329972676
25,1000,1.5,0.3,3,3,6,45125128,pcmci,103.375,0.9135328749980545
25,1000,1.5,0.3,3,3,6,45125128,dynotears,152.84375,0.7373552499993821
25,1000,1.5,0.3,3,3,6,45125128,tsfges,275.09375,0.563583541996195
25,1000,1.5,0.3,3,3,6,45125128,tsboss_iid,35.203125,0.2775902909997967
25,1000,1.5,0.3,3,3,7,45125129,tsboss,93.265625,0.5066560839986778
25,1000,1.5,0.3,3,3,7,45125129,pcmci,103.3125,0.8847354999961681
25,1000,1.5,0.3,3,3,7,45125129,dynotears,152.9375,0.7944316669963882
25,1000,1.5,0.3,3,3,7,45125129,tsfges,310.921875,0.5962504999988596
25,1000,1.5,0.3,3,3,7,45125129,tsboss_iid,35.140625,0.23390029100119136
25,1000,1.5,0.3,3,3,8,45125130,tsboss,93.40625,0.5823129170021275
25,1000,1.5,0.3,3,3,8,45125130,pcmci,103.53125,0.8803584999986924
25,1000,1.5,0.3,3,3,8,45125130,dynotears,152.875,0.806137708001188
25,1000,1.5,0.3,3,3,8,45125130,tsfges,309.046875,0.6049189159966772
25,1000,1.5,0.3,3,3,8,45125130,tsboss_iid,35.84375,0.5921720839978661
25,1000,1.5,0.3,3,3,9,45125131,tsboss,93.5,0.586045040996396
25,1000,1.5,0.3,3,3,9,45125131,pcmci,104.09375,0.9866872499987949
25,1000,1.5,0.3,3,3,9,45125131,dynotears,154.15625,0.8406506669998635
25,1000,1.5,0.3,3,3,9,45125131,tsfges,307.5,0.614917458005948
25,1000,1.5,0.3,3,3,9,45125131,tsboss_iid,35.125,0.27386112500244053
25,1000,1.5,0.3,3,3,10,45125132,tsboss,93.046875,0.38171320800029207
25,1000,1.5,0.3,3,3,10,45125132,pcmci,102.984375,0.8692989170012879
25,1000,1.5,0.3,3,3,10,45125132,dynotears,152.859375,0.7726029580007889
25,1000,1.5,0.3,3,3,10,45125132,tsfges,250.921875,0.5461753330018837
25,1000,1.5,0.3,3,3,10,45125132,tsboss_iid,34.984375,0.18662374999985332
30,1000,1.5,0.3,3,3,1,45130123,tsboss,94.78125,1.1698289999985718
30,1000,1.5,0.3,3,3,1,45130123,pcmci,105.765625,1.1475407500038273
30,1000,1.5,0.3,3,3,1,45130123,dynotears,154.46875,0.9037502499995753
30,1000,1.5,0.3,3,3,1,45130123,tsfges,313.828125,0.640440540999407
30,1000,1.5,0.3,3,3,1,45130123,tsboss_iid,36.484375,0.8801247919982416
30,1000,1.5,0.3,3,3,2,45130124,tsboss,93.4375,0.6047205419963575
30,1000,1.5,0.3,3,3,2,45130124,pcmci,105.671875,1.1002888340008212
30,1000,1.5,0.3,3,3,2,45130124,dynotears,154.46875,0.899648625003465
30,1000,1.5,0.3,3,3,2,45130124,tsfges,313.71875,0.6246210829995107
30,1000,1.5,0.3,3,3,2,45130124,tsboss_iid,35.28125,0.26253262500540586
30,1000,1.5,0.3,3,3,3,45130125,tsboss,93.671875,0.5968874999962281
30,1000,1.5,0.3,3,3,3,45130125,pcmci,105.875,1.1961643750037183
30,1000,1.5,0.3,3,3,3,45130125,dynotears,154.671875,0.9328662920015631
30,1000,1.5,0.3,3,3,3,45130125,tsfges,309.15625,0.6555982089994359
30,1000,1.5,0.3,3,3,3,45130125,tsboss_iid,35.5625,0.32428108399471967
30,1000,1.5,0.3,3,3,4,45130126,tsboss,93.484375,0.5289107499993406
30,1000,1.5,0.3,3,3,4,45130126,pcmci,105.59375,1.1037301250034943
30,1000,1.5,0.3,3,3,4,45130126,dynotears,154.34375,0.8942374159960309
30,1000,1.5,0.3,3,3,4,45130126,tsfges,311.8125,0.67503037500137
30,1000,1.5,0.3,3,3,4,45130126,tsboss_iid,35.40625,0.2897544579973328
30,1000,1.5,0.3,3,3,5,45130127,tsboss,93.515625,0.5040113340000971
30,1000,1.5,0.3,3,3,5,45130127,pcmci,105.578125,1.0166058749964577
30,1000,1.5,0.3,3,3,5,45130127,dynotears,154.546875,0.7587381670018658
30,1000,1.5,0.3,3,3,5,45130127,tsfges,289.6875,0.5811424169951351
30,1000,1.5,0.3,3,3,5,45130127,tsboss_iid,35.171875,0.2091617080004653
30,1000,1.5,0.3,3,3,6,45130128,tsboss,94.078125,0.8438846249991911
30,1000,1.5,0.3,3,3,6,45130128,pcmci,105.625,1.1417480000018259
30,1000,1.5,0.3,3,3,6,45130128,dynotears,154.671875,1.0220474590023514
30,1000,1.5,0.3,3,3,6,45130128,tsfges,308.96875,0.6507879159980803
30,1000,1.5,0.3,3,3,6,45130128,tsboss_iid,35.5625,0.3453346669994062
30,1000,1.5,0.3,3,3,7,45130129,tsboss,93.765625,0.6736397080021561
30,1000,1.5,0.3,3,3,7,45130129,pcmci,105.671875,1.150950750001357
30,1000,1.5,0.3,3,3,7,45130129,dynotears,154.53125,0.9715507500004605
30,1000,1.5,0.3,3,3,7,45130129,tsfges,312.765625,0.644236665997596
30,1000,1.5,0.3,3,3,7,45130129,tsboss_iid,35.390625,0.42018533300142735
30,1000,1.5,0.3,3,3,8,45130130,tsboss,94.390625,0.9462442500007455
30,1000,1.5,0.3,3,3,8,45130130,pcmci,105.84375,1.142780166999728
30,1000,1.5,0.3,3,3,8,45130130,dynotears,156.296875,0.9435274170027697
30,1000,1.5,0.3,3,3,8,45130130,tsfges,334.09375,0.6841562920017168
30,1000,1.5,0.3,3,3,8,45130130,tsboss_iid,35.859375,0.47760458400443895
30,1000,1.5,0.3,3,3,9,45130131,tsboss,93.71875,0.6837794590028352
30,1000,1.5,0.3,3,3,9,45130131,pcmci,105.75,1.0750397909941967
30,1000,1.5,0.3,3,3,9,45130131,dynotears,157.890625,0.954677374997118
30,1000,1.5,0.3,3,3,9,45130131,tsfges,309.09375,0.6816888750036014
30,1000,1.5,0.3,3,3,9,45130131,tsboss_iid,35.234375,0.2805632500021602
30,1000,1.5,0.3,3,3,10,45130132,tsboss,93.484375,0.4592547089996515
30,1000,1.5,0.3,3,3,10,45130132,pcmci,105.859375,1.0493826250021812
30,1000,1.5,0.3,3,3,10,45130132,dynotears,154.578125,0.8917452089954168
30,1000,1.5,0.3,3,3,10,45130132,tsfges,313.21875,0.5929493329967954
30,1000,1.5,0.3,3,3,10,45130132,tsboss_iid,35.296875,0.2232968329990399
50,1000,1.5,0.3,3,3,1,45150123,tsboss,97.5625,2.58707320800022
50,1000,1.5,0.3,3,3,1,45150123,pcmci,117.0625,2.6667478750023292
50,1000,1.5,0.3,3,3,1,45150123,dynotears,163.40625,1.8316182919952553
50,1000,1.5,0.3,3,3,1,45150123,tsfges,382.859375,1.2582284579984844
50,1000,1.5,0.3,3,3,1,45150123,tsboss_iid,38.90625,1.9656402919936227
50,1000,1.5,0.3,3,3,2,45150124,tsboss,96.21875,1.7053321659986977
50,1000,1.5,0.3,3,3,2,45150124,pcmci,116.65625,2.6188871249978547
50,1000,1.5,0.3,3,3,2,45150124,dynotears,163.421875,1.8094636660025571
50,1000,1.5,0.3,3,3,2,45150124,tsfges,384.671875,1.048274249995302
50,1000,1.5,0.3,3,3,2,45150124,tsboss_iid,38.265625,1.2349883329952718
50,1000,1.5,0.3,3,3,3,45150125,tsboss,97.578125,3.699022333996254
50,1000,1.5,0.3,3,3,3,45150125,pcmci,118.875,2.9304906250035856
50,1000,1.5,0.3,3,3,3,45150125,dynotears,163.453125,1.8954440410016105
50,1000,1.5,0.3,3,3,3,45150125,tsfges,382.4375,1.0784038749989122
50,1000,1.5,0.3,3,3,3,45150125,tsboss_iid,38.3125,1.5865539999940665
50,1000,1.5,0.3,3,3,4,45150126,tsboss,96.328125,1.4258991660026368
50,1000,1.5,0.3,3,3,4,45150126,pcmci,116.5625,2.563241541000025
50,1000,1.5,0.3,3,3,4,45150126,dynotears,163.40625,1.5523824999982025
50,1000,1.5,0.3,3,3,4,45150126,tsfges,396.828125,1.103401833002863
50,1000,1.5,0.3,3,3,4,45150126,tsboss_iid,38.078125,0.9617369170009624
50,1000,1.5,0.3,3,3,5,45150127,tsboss,96.90625,2.260524917001021
50,1000,1.5,0.3,3,3,5,45150127,pcmci,117.0,2.59839704100159
50,1000,1.5,0.3,3,3,5,45150127,dynotears,163.390625,1.5804957500004093
50,1000,1.5,0.3,3,3,5,45150127,tsfges,381.640625,1.0721791660034796
50,1000,1.5,0.3,3,3,5,45150127,tsboss_iid,38.734375,1.8590912919971743
50,1000,1.5,0.3,3,3,6,45150128,tsboss,96.3125,1.731259542000771
50,1000,1.5,0.3,3,3,6,45150128,pcmci,116.265625,2.548335125000449
50,1000,1.5,0.3,3,3,6,45150128,dynotears,163.34375,1.7924284590044408
50,1000,1.5,0.3,3,3,6,45150128,tsfges,360.03125,1.047495708000497
50,1000,1.5,0.3,3,3,6,45150128,tsboss_iid,38.203125,1.2001815830008127
50,1000,1.5,0.3,3,3,7,45150129,tsboss,97.5,3.0091867500013905
50,1000,1.5,0.3,3,3,7,45150129,pcmci,116.671875,2.6394365829983144
50,1000,1.5,0.3,3,3,7,45150129,dynotears,163.421875,1.741439375000482
50,1000,1.5,0.3,3,3,7,45150129,tsfges,390.640625,1.226003292002133
50,1000,1.5,0.3,3,3,7,45150129,tsboss_iid,39.125,2.139063417002035
50,1000,1.5,0.3,3,3,8,45150130,tsboss,96.78125,2.2481074999959674
50,1000,1.5,0.3,3,3,8,45150130,pcmci,116.875,2.7232707500006654
50,1000,1.5,0.3,3,3,8,45150130,dynotears,165.734375,1.985796583998308
50,1000,1.5,0.3,3,3,8,45150130,tsfges,381.53125,1.0972459580007126
50,1000,1.5,0.3,3,3,8,45150130,tsboss_iid,38.5,1.67064079100237
50,1000,1.5,0.3,3,3,9,45150131,tsboss,97.03125,2.2936693750016275
50,1000,1.5,0.3,3,3,9,45150131,pcmci,119.515625,3.052546833001543
50,1000,1.5,0.3,3,3,9,45150131,dynotears,163.4375,1.8738192090022494
50,1000,1.5,0.3,3,3,9,45150131,tsfges,382.546875,1.1509606670006178
50,1000,1.5,0.3,3,3,9,45150131,tsboss_iid,38.609375,1.7780782089976128
50,1000,1.5,0.3,3,3,10,45150132,tsboss,97.9375,3.229062582999177
50,1000,1.5,0.3,3,3,10,45150132,pcmci,116.8125,2.7001463749984396
50,1000,1.5,0.3,3,3,10,45150132,dynotears,163.421875,2.125273958001344
50,1000,1.5,0.3,3,3,10,45150132,tsfges,394.609375,1.310444082999311
50,1000,1.5,0.3,3,3,10,45150132,tsboss_iid,39.390625,2.2487455000009504
100,1000,1.5,0.3,3,3,1,45200123,tsboss,110.078125,23.18501416700019
100,1000,1.5,0.3,3,3,1,45200123,pcmci,169.296875,9.714254375001474
100,1000,1.5,0.3,3,3,1,45200123,dynotears,204.296875,5.248210709003615
100,1000,1.5,0.3,3,3,1,45200123,tsfges,822.203125,4.6735559169974294
100,1000,1.5,0.3,3,3,1,45200123,tsboss_iid,48.625,18.906296041001042
100,1000,1.5,0.3,3,3,2,45200124,tsboss,109.0,19.29433962499752
100,1000,1.5,0.3,3,3,2,45200124,pcmci,168.328125,9.323509667003236
100,1000,1.5,0.3,3,3,2,45200124,dynotears,198.046875,5.325823541003047
100,1000,1.5,0.3,3,3,2,45200124,tsfges,526.984375,4.999768584006233
100,1000,1.5,0.3,3,3,2,45200124,tsboss_iid,48.234375,17.755352250002034
100,1000,1.5,0.3,3,3,3,45200125,tsboss,113.046875,29.23798204200284
100,1000,1.5,0.3,3,3,3,45200125,pcmci,170.046875,9.87146258300345
100,1000,1.5,0.3,3,3,3,45200125,dynotears,197.9375,6.133123915999022
100,1000,1.5,0.3,3,3,3,45200125,tsfges,822.5,5.0169671249968815
100,1000,1.5,0.3,3,3,3,45200125,tsboss_iid,48.46875,18.14169204099744
100,1000,1.5,0.3,3,3,4,45200126,tsboss,114.265625,30.939440291003848
100,1000,1.5,0.3,3,3,4,45200126,pcmci,181.046875,11.21597179100354
100,1000,1.5,0.3,3,3,4,45200126,dynotears,197.640625,5.5915601669985335
100,1000,1.5,0.3,3,3,4,45200126,tsfges,823.421875,5.04666449999786
100,1000,1.5,0.3,3,3,4,45200126,tsboss_iid,49.34375,22.586067999996885
100,1000,1.5,0.3,3,3,5,45200127,tsboss,113.53125,28.616268500001752
100,1000,1.5,0.3,3,3,5,45200127,pcmci,169.875,9.705528082995443
100,1000,1.5,0.3,3,3,5,45200127,dynotears,197.90625,5.444792417001736
100,1000,1.5,0.3,3,3,5,45200127,tsfges,821.78125,5.12265129199659
100,1000,1.5,0.3,3,3,5,45200127,tsboss_iid,49.859375,21.671280083995953
100,1000,1.5,0.3,3,3,6,45200128,tsboss,109.8125,21.53490170800069
100,1000,1.5,0.3,3,3,6,45200128,pcmci,170.375,9.983932167000603
100,1000,1.5,0.3,3,3,6,45200128,dynotears,197.53125,5.809019125001214
100,1000,1.5,0.3,3,3,6,45200128,tsfges,536.046875,5.03975383299985
100,1000,1.5,0.3,3,3,6,45200128,tsboss_iid,47.453125,14.870294292006292
100,1000,1.5,0.3,3,3,7,45200129,tsboss,108.9375,20.936737459000142
100,1000,1.5,0.3,3,3,7,45200129,pcmci,170.75,10.005067416001111
100,1000,1.5,0.3,3,3,7,45200129,dynotears,197.6875,5.679397041996708
100,1000,1.5,0.3,3,3,7,45200129,tsfges,532.796875,4.4695552499979385
100,1000,1.5,0.3,3,3,7,45200129,tsboss_iid,46.8125,14.881617416998779
100,1000,1.5,0.3,3,3,8,45200130,tsboss,109.28125,20.58742887500557
100,1000,1.5,0.3,3,3,8,45200130,pcmci,168.75,9.462062792001234
100,1000,1.5,0.3,3,3,8,45200130,dynotears,198.359375,5.426883582993469
100,1000,1.5,0.3,3,3,8,45200130,tsfges,535.71875,4.914091458005714
100,1000,1.5,0.3,3,3,8,45200130,tsboss_iid,48.59375,17.34067795900046
100,1000,1.5,0.3,3,3,9,45200131,tsboss,112.71875,30.22700837499724
100,1000,1.5,0.3,3,3,9,45200131,pcmci,169.515625,9.776023958002042
100,1000,1.5,0.3,3,3,9,45200131,dynotears,197.90625,5.406785500003025
100,1000,1.5,0.3,3,3,9,45200131,tsfges,824.25,4.7206696669964
100,1000,1.5,0.3,3,3,9,45200131,tsboss_iid,51.671875,26.679425666996394
100,1000,1.5,0.3,3,3,10,45200132,tsboss,111.609375,26.458447375000105
100,1000,1.5,0.3,3,3,10,45200132,pcmci,168.953125,9.157111332999193
100,1000,1.5,0.3,3,3,10,45200132,dynotears,197.875,5.4127815419997205
100,1000,1.5,0.3,3,3,10,45200132,tsfges,821.484375,5.603030291000323
100,1000,1.5,0.3,3,3,10,45200132,tsboss_iid,49.296875,27.129390207999677
